miasto,dzielnica,ulica,powierzchnia_m2,liczba_pokoi,pietro,cena_wynajmu,latitude,longitude,num_schools,num_bus_stops,num_supermarkets
Warszawa,Mokotów,Marszałkowska 141,59.93,2,3,4832,52.2229454,21.0162201,12,20,2
Warszawa,Bemowo,Puławska 217,62.95,4,0,4181,52.1779496,21.0215061,1,20,4
Warszawa,Bemowo,Kampinoska 14,45.32,2,8,3592,52.2751104,20.9028679,0,2,0
Warszawa,Bemowo,Wolska 113,81.58,3,7,7462,52.229708450000004,20.95323823488448,3,17,2
Warszawa,Śródmieście,Aleje Jerozolimskie 217,40.61,3,5,2896,54.3502045,18.6543087,2,8,2
Warszawa,Ochota,Puławska 48,40.73,2,6,3316,52.2027248,21.02173164385335,10,6,2
Warszawa,Bielany,Nowowiejska 23,54.84,1,7,5194,52.2200535,21.0075741,6,12,2
Warszawa,Żoliborz,Puławska 283,15.5,1,4,1589,52.2114281,21.0202469,9,12,5
Warszawa,Ochota,Kampinoska 99,29.74,2,1,1850,52.20815,20.973836,6,19,2
Warszawa,Ursynów,Puławska 120,31.84,1,1,2545,52.19351465,21.023664195755785,3,11,1
Warszawa,Ochota,Aleje Jerozolimskie 190,79.31,2,5,5817,52.1992353,20.93207944922446,0,7,3
Warszawa,Mokotów,Kampinoska 88,51.35,1,8,4381,52.192455,21.052719,3,16,0
Warszawa,Żoliborz,Nowowiejska 286,39.11,2,3,3883,52.271217,20.983873,2,17,1
Warszawa,Śródmieście,Złota 17,26.98,2,5,1779,54.3502045,18.6543087,2,8,2
Warszawa,Bielany,Grochowska 109,37.99,2,10,3612,52.24140915,21.105557890226557,2,11,5
Warszawa,Targówek,Aleje Jerozolimskie 136,37.97,4,2,3000,52.2209903,20.972507964959096,2,16,1
Warszawa,Ursynów,Kampinoska 220,49.73,1,9,3796,52.136906,21.027305,0,0,1
Warszawa,Wola,Modlińska 253,66.45,1,1,6519,52.23632,20.957771,2,8,2
Warszawa,Wola,Aleje Jerozolimskie 217,54.18,1,9,3777,52.219119,20.969695,7,15,1
Warszawa,Targówek,Modlińska 129,23.44,2,8,1757,52.3142832,20.975869404218017,2,8,0
Warszawa,Mokotów,Modlińska 137,64.77,2,10,4988,52.3151434,20.9761358,2,8,1
Warszawa,Wola,Cybernetyki 2,47.69,2,4,4990,52.2553389,20.90377482478428,0,8,0
Warszawa,Bemowo,Puławska 153,20.43,1,10,1440,52.1769576,21.021864872789596,2,21,2
Warszawa,Ochota,Aleje Jerozolimskie 277,40.79,3,8,4078,52.219119,20.969695,7,15,1
Warszawa,Targówek,Marszałkowska 58,56.87,1,5,5811,52.2238932,21.01585296368421,11,16,2
Warszawa,Ursynów,Złota 30,56.48,2,3,5888,52.136906,21.027305,0,0,1
Warszawa,Mokotów,Cybernetyki 36,36.46,3,8,3018,52.1755101,20.9979059,5,17,1
Warszawa,Targówek,Modlińska 85,70.62,3,4,6167,52.3103711,20.97886888752597,3,7,0
Warszawa,Praga-Południe,Modlińska 103,33.22,2,4,2894,52.3124738,20.97728145627068,2,8,0
Warszawa,Ochota,Cybernetyki 265,56.63,3,7,3894,52.1765786,20.9929758,1,9,1
Warszawa,Ochota,Marszałkowska 284,40.42,2,3,3050,52.2229454,21.0162201,12,20,2
Warszawa,Śródmieście,Złota 35,27.87,1,0,2240,54.3502045,18.6543087,2,8,2
Warszawa,Praga-Południe,Nowowiejska 249,66.25,3,3,5932,52.238972,21.084606,9,12,0
Warszawa,Bielany,Kampinoska 243,48.56,3,3,4849,52.2751104,20.9028679,0,2,0
Warszawa,Praga-Południe,Puławska 50,57.23,1,10,4669,52.2025966,21.0229983,10,5,2
Warszawa,Targówek,Marszałkowska 51,57.23,4,0,4536,52.2223028,21.0166016,13,20,2
Warszawa,Mokotów,Złota 99,49.28,4,3,3882,52.192455,21.052719,3,16,0
Warszawa,Wola,Nowowiejska 237,15.0,3,3,1018,52.2201252,21.0054052,5,13,2
Warszawa,Bemowo,Puławska 26,51.74,2,10,5508,52.206222999999994,21.02211171808888,9,7,4
Warszawa,Mokotów,Złota 86,51.84,1,6,4097,52.192455,21.052719,3,16,0
Warszawa,Żoliborz,Marszałkowska 85,45.61,2,6,3086,52.2262389,21.0133859,8,19,2
Warszawa,Targówek,Nowowiejska 217,79.56,1,8,7135,52.2844,21.064424,1,8,0
Warszawa,Praga-Południe,Nowowiejska 112,33.83,1,0,2998,52.238972,21.084606,9,12,0
Warszawa,Ochota,Marszałkowska 26,68.31,2,9,6178,52.217568650000004,21.019634330206085,6,20,0
Warszawa,Bemowo,Aleje Jerozolimskie 30,39.4,3,8,2538,52.2063619,20.9436769,0,7,1
Warszawa,Bielany,Puławska 121,51.94,3,6,4212,52.1859538,21.0246637,3,11,1
Warszawa,Praga-Południe,Kampinoska 21,35.96,2,9,2763,52.238972,21.084606,9,12,0
Warszawa,Bielany,Modlińska 162,42.16,1,4,3425,52.30962,20.981135,3,8,0
Warszawa,Praga-Południe,Nowowiejska 203,55.92,2,2,4841,52.238972,21.084606,9,12,0
Warszawa,Ochota,Puławska 5,50.1,2,7,4503,52.2123199,21.02125278946825,3,13,4
Warszawa,Mokotów,Puławska 276,21.69,2,3,1479,52.151474199999996,21.016458063631088,2,11,1
Warszawa,Ochota,Puławska 126,43.15,1,5,3327,52.1931343,21.0239999,3,9,1
Warszawa,Bemowo,Nowowiejska 271,46.77,2,0,4265,52.253634,20.908367,0,6,1
Warszawa,Mokotów,Aleje Jerozolimskie 136,87.72,2,1,8724,52.2319308,21.0219979,11,17,1
Warszawa,Wola,Nowowiejska 145,55.15,2,9,4051,52.2201252,21.0054052,5,13,2
Warszawa,Ursynów,Modlińska 251,15.0,2,4,1803,52.3316685,20.964287011191814,1,9,2
Warszawa,Mokotów,Wolska 142,51.2,4,0,3860,52.22778805,20.941742134539304,0,14,3
Warszawa,Ursynów,Aleje Jerozolimskie 227,46.15,2,8,4268,52.18705005,20.910174379461957,1,9,0
Warszawa,Mokotów,Puławska 77,49.31,1,8,3374,52.20141505,21.024422825319487,8,8,2
Warszawa,Bemowo,Aleje Jerozolimskie 221,72.86,3,2,5056,52.2063619,20.9436769,0,7,1
Warszawa,Śródmieście,Grochowska 108,65.82,1,10,4702,54.3502045,18.6543087,2,8,2
Warszawa,Bemowo,Wolska 80,78.06,1,3,7965,52.2325634,20.9604574,2,10,3
Warszawa,Wola,Wolska 13,61.74,4,2,5518,52.23515785,20.979533929085072,4,17,5
Warszawa,Żoliborz,Złota 137,30.19,1,2,2434,52.2296488,20.9965175,4,30,8
Warszawa,Śródmieście,Cybernetyki 114,51.99,1,3,4873,54.3502045,18.6543087,2,8,2
Warszawa,Ursynów,Złota 115,18.99,2,0,1603,52.136906,21.027305,0,0,1
Warszawa,Ursynów,Puławska 143,28.75,2,5,2465,52.1812781,21.0233419,3,21,4
Warszawa,Bemowo,Grochowska 15,31.61,4,1,2805,52.2369769,21.1209819,1,5,3
Warszawa,Bielany,Nowowiejska 20,34.33,2,1,2863,52.220521,21.007345,7,12,2
Warszawa,Ochota,Wolska 262,66.27,1,1,5481,52.2262688,20.9436057,0,14,4
Warszawa,Ursynów,Marszałkowska 224,54.55,3,0,4975,52.136906,21.027305,0,0,1
Warszawa,Praga-Południe,Grochowska 221,17.85,2,1,2178,52.24520595,21.08155469938238,15,22,4
Warszawa,Bielany,Grochowska 64,55.2,3,4,4870,52.24167945,21.113051797901292,1,10,4
Warszawa,Ochota,Wolska 152,25.26,1,8,1785,52.2259149,20.9393206,1,13,3
Warszawa,Żoliborz,Aleje Jerozolimskie 292,60.44,2,4,5300,52.271217,20.983873,2,17,1
Warszawa,Ursynów,Nowowiejska 108,55.01,2,6,5254,52.136906,21.027305,0,0,1
Warszawa,Ochota,Cybernetyki 227,36.4,2,7,3296,52.1765786,20.9929758,1,9,1
Warszawa,Wola,Puławska 146,55.86,1,8,5141,52.2114281,21.0202469,9,12,5
Warszawa,Mokotów,Złota 159,87.32,2,3,7872,52.192455,21.052719,3,16,0
Warszawa,Śródmieście,Złota 244,26.17,3,9,2071,54.3502045,18.6543087,2,8,2
Warszawa,Żoliborz,Kampinoska 100,30.51,3,6,2332,52.271217,20.983873,2,17,1
Warszawa,Śródmieście,Puławska 218,73.17,1,3,5965,54.3502045,18.6543087,2,8,2
Warszawa,Bemowo,Cybernetyki 26,69.27,2,8,5715,52.253634,20.908367,0,6,1
Warszawa,Targówek,Aleje Jerozolimskie 238,66.44,4,10,5768,52.2844,21.064424,1,8,0
Warszawa,Ochota,Cybernetyki 259,45.09,1,6,4327,52.1765786,20.9929758,1,9,1
Warszawa,Wola,Cybernetyki 231,32.21,1,4,3321,52.23873975,20.904473677783727,3,6,2
Warszawa,Ursynów,Modlińska 249,48.46,2,10,3679,52.33165885,20.964758607008143,1,10,2
Warszawa,Ursynów,Złota 140,55.53,3,5,4459,52.136906,21.027305,0,0,1
Warszawa,Wola,Aleje Jerozolimskie 119,50.26,3,6,4770,52.225210000000004,20.992312802812506,4,14,2
Warszawa,Mokotów,Wolska 209,44.71,5,5,3773,52.2233338,20.9301396,1,13,3
Warszawa,Praga-Południe,Wolska 200,62.51,1,9,5669,52.2234368,20.9305034,1,13,3
Warszawa,Bielany,Wolska 245,28.58,2,0,2607,52.284438,20.950063,4,14,1
Warszawa,Żoliborz,Wolska 276,45.53,3,8,4677,52.2351181,20.972957,9,14,4
Warszawa,Targówek,Złota 140,59.46,2,6,4917,52.2844,21.064424,1,8,0
Warszawa,Żoliborz,Aleje Jerozolimskie 240,33.06,1,2,3321,52.271217,20.983873,2,17,1
Warszawa,Żoliborz,Kampinoska 289,41.07,3,10,3051,52.271217,20.983873,2,17,1
Warszawa,Wola,Cybernetyki 94,54.28,1,0,4050,52.2553389,20.90377482478428,0,8,0
Warszawa,Targówek,Grochowska 173,53.46,2,6,4639,52.243633599999995,21.0942487884641,8,7,5
Warszawa,Żoliborz,Nowowiejska 42,32.32,2,7,2320,52.271217,20.983873,2,17,1
Warszawa,Ochota,Złota 36,51.16,1,10,3174,52.2296488,20.9965175,4,30,8
Warszawa,Praga-Południe,Złota 11,57.16,3,9,3888,52.23236285,21.01173186397584,5,18,4
Warszawa,Mokotów,Kampinoska 112,71.66,3,7,6786,52.192455,21.052719,3,16,0
Warszawa,Wola,Kampinoska 59,22.45,1,2,1829,52.23632,20.957771,2,8,2
Warszawa,Śródmieście,Nowowiejska 295,60.3,3,10,5738,54.3502045,18.6543087,2,8,2
Warszawa,Praga-Południe,Puławska 125,60.3,5,1,5283,52.184624,21.024586,2,11,3
Warszawa,Bielany,Puławska 290,61.42,3,0,4867,52.1497523,21.0174921,2,12,1
Warszawa,Ochota,Puławska 260,69.08,3,10,5892,52.2107977,21.020637,7,12,5
Warszawa,Targówek,Puławska 222,43.69,3,5,4220,52.1776276,21.0215053,1,20,3
Warszawa,Wola,Wolska 91,34.54,2,8,3188,52.2317158,20.959425927560833,4,12,2
Warszawa,Bemowo,Cybernetyki 239,40.29,2,6,3910,52.2553389,20.90377482478428,0,8,0
Warszawa,Ochota,Złota 45,96.29,1,4,9030,52.2309657,21.0027506,5,32,6
Warszawa,Targówek,Kampinoska 195,63.73,1,5,4866,52.2844,21.064424,1,8,0
Warszawa,Wola,Cybernetyki 109,40.56,3,5,3650,52.2553389,20.90377482478428,0,8,0
Warszawa,Bielany,Nowowiejska 285,51.29,1,0,4076,52.284438,20.950063,4,14,1
Warszawa,Praga-Południe,Wolska 251,35.69,3,8,3500,52.238972,21.084606,9,12,0
Warszawa,Targówek,Cybernetyki 9,35.39,2,1,2694,52.175084,20.996105087743842,3,15,0
Warszawa,Praga-Południe,Nowowiejska 298,50.91,1,5,4317,52.238972,21.084606,9,12,0
Warszawa,Żoliborz,Modlińska 170,92.88,3,5,8230,52.292569,21.000554,0,11,1
Warszawa,Ursynów,Złota 62,15.0,2,3,1434,52.2304455,20.9984632,5,38,7
Warszawa,Wola,Złota 111,36.76,3,7,2967,52.2296488,20.9965175,4,30,8
Warszawa,Bemowo,Kampinoska 145,34.15,2,1,3039,52.2751104,20.9028679,0,2,0
Warszawa,Ochota,Aleje Jerozolimskie 155,60.1,3,0,5110,52.220907749999995,20.975883241666665,5,12,3
Warszawa,Śródmieście,Marszałkowska 284,25.99,2,4,1989,54.3502045,18.6543087,2,8,2
Warszawa,Targówek,Puławska 7,40.5,1,9,3159,52.211848,21.0210837,6,13,5
Warszawa,Ochota,Aleje Jerozolimskie 27,85.31,2,4,8357,52.23019065,21.01488837208738,5,21,3
Warszawa,Mokotów,Wolska 252,24.78,3,1,2350,52.192455,21.052719,3,16,0
Warszawa,Wola,Aleje Jerozolimskie 289,92.44,3,4,6455,52.219119,20.969695,7,15,1
Warszawa,Bemowo,Wolska 116,19.61,2,8,2004,52.2285312,20.9486585,1,15,2
Warszawa,Ursynów,Kampinoska 220,75.34,1,4,6119,52.136906,21.027305,0,0,1
Warszawa,Mokotów,Złota 109,58.88,3,4,4945,52.192455,21.052719,3,16,0
Warszawa,Wola,Modlińska 39,31.46,2,2,2155,52.23632,20.957771,2,8,2
Warszawa,Bielany,Cybernetyki 150,15.0,1,0,1361,52.284438,20.950063,4,14,1
Warszawa,Targówek,Puławska 120,44.95,1,4,4333,52.19351465,21.023664195755785,3,11,1
Warszawa,Praga-Południe,Wolska 59,82.65,1,8,5991,52.2335481,20.9656729,7,12,2
Warszawa,Ursynów,Aleje Jerozolimskie 37,41.2,2,0,2896,52.219119,20.969695,7,15,1
Warszawa,Bielany,Nowowiejska 225,78.83,1,1,6430,52.284438,20.950063,4,14,1
Warszawa,Żoliborz,Nowowiejska 257,73.26,2,8,5793,52.271217,20.983873,2,17,1
Warszawa,Śródmieście,Wolska 166,30.37,2,9,1945,54.3502045,18.6543087,2,8,2
Warszawa,Bielany,Kampinoska 11,53.98,1,10,5185,52.2751104,20.9028679,0,2,0
Warszawa,Wola,Cybernetyki 266,51.4,2,10,4058,52.2553389,20.90377482478428,0,8,0
Warszawa,Bielany,Wolska 252,52.27,3,1,4304,52.284438,20.950063,4,14,1
Warszawa,Ochota,Puławska 83,81.72,1,5,6725,52.2008192,21.02408251589185,8,7,2
Warszawa,Żoliborz,Modlińska 19,92.66,1,7,6483,52.3005113,20.99222,0,5,2
Warszawa,Mokotów,Wolska 264,46.96,3,0,4256,52.192455,21.052719,3,16,0
Warszawa,Żoliborz,Marszałkowska 97,55.62,1,8,4753,52.2284572,21.0120643,5,17,3
Warszawa,Targówek,Marszałkowska 105,45.84,2,4,4391,52.2342346,21.0083475,4,24,4
Warszawa,Targówek,Cybernetyki 63,38.21,3,0,3899,52.2844,21.064424,1,8,0
Warszawa,Praga-Południe,Aleje Jerozolimskie 160,57.14,1,8,3931,52.2340906,21.032363,2,17,3
Warszawa,Praga-Południe,Puławska 237,67.99,2,1,5734,52.1749217,21.0205257,3,9,3
Warszawa,Ursynów,Modlińska 140,66.26,3,6,6777,52.3138352,20.9778158,2,8,0
Warszawa,Praga-Południe,Cybernetyki 283,33.42,1,2,3145,52.238972,21.084606,9,12,0
Warszawa,Bemowo,Aleje Jerozolimskie 36,64.95,3,4,6406,52.2058296,20.9428945,0,6,1
Warszawa,Ochota,Modlińska 137,49.58,2,0,3689,52.3151434,20.9761358,2,8,1
Warszawa,Bielany,Kampinoska 251,75.55,1,2,6284,52.2751104,20.9028679,0,2,0
Warszawa,Ochota,Modlińska 279,60.94,2,6,4920,52.33710355,20.958471949999996,1,8,2
Warszawa,Praga-Południe,Złota 293,45.65,3,6,3790,52.25447385,21.07902340056883,0,12,0
Warszawa,Śródmieście,Grochowska 243,66.51,3,6,5589,54.3502045,18.6543087,2,8,2
Warszawa,Wola,Cybernetyki 19,76.11,2,2,6564,52.2553389,20.90377482478428,0,8,0
Warszawa,Mokotów,Cybernetyki 52,63.64,2,8,5708,52.1755101,20.9979059,5,17,1
Warszawa,Wola,Wolska 80,56.48,2,1,5218,52.2325634,20.9604574,2,10,3
Warszawa,Ochota,Kampinoska 204,51.94,3,10,3589,52.20815,20.973836,6,19,2
Warszawa,Bemowo,Wolska 163,33.64,4,10,3339,52.2252344,20.9363409,1,18,2
Warszawa,Bemowo,Marszałkowska 36,29.88,1,3,3078,52.2204309,21.0176478,9,24,2
Warszawa,Praga-Południe,Puławska 223,73.16,3,1,6993,52.177564,21.0214884,1,20,2
Warszawa,Mokotów,Cybernetyki 86,62.48,3,4,5612,52.1755101,20.9979059,5,17,1
Warszawa,Śródmieście,Nowowiejska 184,49.76,1,5,3870,54.3502045,18.6543087,2,8,2
Warszawa,Żoliborz,Kampinoska 93,51.52,1,2,3986,52.271217,20.983873,2,17,1
Warszawa,Żoliborz,Kampinoska 124,69.5,2,7,6411,52.271217,20.983873,2,17,1
Warszawa,Targówek,Nowowiejska 236,33.49,2,4,3413,52.2844,21.064424,1,8,0
Warszawa,Targówek,Nowowiejska 280,58.26,1,2,4652,52.2844,21.064424,1,8,0
Warszawa,Bielany,Nowowiejska 218,33.56,2,4,2611,52.284438,20.950063,4,14,1
Warszawa,Żoliborz,Cybernetyki 55,54.9,1,3,4330,52.271217,20.983873,2,17,1
Warszawa,Ursynów,Nowowiejska 12,40.58,2,10,2830,52.220150450000006,21.01334733779919,7,22,2
Warszawa,Śródmieście,Kampinoska 255,21.04,1,4,1692,54.3502045,18.6543087,2,8,2
Warszawa,Ochota,Złota 98,35.63,2,9,3017,52.2296488,20.9965175,4,30,8
Warszawa,Wola,Puławska 21,56.22,3,4,4798,52.2073576,21.0219476,9,7,4
Warszawa,Ochota,Aleje Jerozolimskie 47,67.15,2,4,5274,52.229103,21.0094205,4,28,4
Warszawa,Praga-Południe,Aleje Jerozolimskie 277,49.62,1,5,4677,52.2349507,21.0367508,1,12,2
Warszawa,Wola,Nowowiejska 247,49.63,2,4,4424,52.2201252,21.0054052,5,13,2
Warszawa,Mokotów,Cybernetyki 39,56.45,1,2,4954,52.1755101,20.9979059,5,17,1
Warszawa,Żoliborz,Modlińska 188,60.39,4,1,5173,52.2915989,21.0015459,0,10,1
Warszawa,Bemowo,Puławska 233,47.82,2,5,4484,52.1745517,21.0210082,3,8,2
Warszawa,Bielany,Wolska 191,63.8,2,1,5729,52.22332625,20.931917243029197,1,15,3
Warszawa,Bielany,Modlińska 168,54.48,2,9,3738,52.30962,20.981135,3,8,0
Warszawa,Targówek,Nowowiejska 210,51.95,1,1,4300,52.2844,21.064424,1,8,0
Warszawa,Ursynów,Cybernetyki 60,50.49,2,1,3927,52.1755101,20.9979059,5,17,1
Warszawa,Żoliborz,Cybernetyki 190,79.02,3,10,7978,52.271217,20.983873,2,17,1
Warszawa,Bemowo,Wolska 80,93.06,1,6,8676,52.2325634,20.9604574,2,10,3
Warszawa,Bielany,Wolska 144,67.45,2,0,5835,52.226108,20.9416288,0,14,4
Warszawa,Targówek,Złota 186,93.8,1,1,9193,52.2844,21.064424,1,8,0
Warszawa,Ochota,Marszałkowska 204,33.21,1,4,2135,52.2229454,21.0162201,12,20,2
Warszawa,Targówek,Puławska 109,15.0,1,10,1808,52.1933478,21.025424100426523,3,8,1
Warszawa,Śródmieście,Grochowska 125,34.82,2,2,2964,54.3502045,18.6543087,2,8,2
Warszawa,Bemowo,Złota 111,56.84,4,3,4186,52.253634,20.908367,0,6,1
Warszawa,Bielany,Marszałkowska 142,69.01,1,2,6915,52.2380966,21.0074977,4,19,2
Warszawa,Wola,Puławska 14,32.03,2,2,2546,52.208611,21.021214852327596,7,10,5
Warszawa,Praga-Południe,Kampinoska 166,23.6,4,0,1327,52.238972,21.084606,9,12,0
Warszawa,Żoliborz,Modlińska 59,73.59,2,1,6480,52.3054535,20.9864761,1,10,3
Warszawa,Bemowo,Kampinoska 56,15.74,3,7,1785,52.2751104,20.9028679,0,2,0
Warszawa,Śródmieście,Modlińska 155,47.71,3,7,3791,54.3502045,18.6543087,2,8,2
Warszawa,Targówek,Wolska 219,18.11,1,10,1538,52.2232206,20.9297345,1,13,3
Warszawa,Targówek,Puławska 42,50.1,2,5,3986,52.20320665,21.021505144982854,11,6,3
Warszawa,Ursynów,Kampinoska 300,41.0,3,8,3626,52.136906,21.027305,0,0,1
Warszawa,Bielany,Modlińska 151,28.65,2,7,2370,52.30962,20.981135,3,8,0
Warszawa,Mokotów,Modlińska 111,52.41,3,6,4107,52.31269615,20.975710026600243,2,8,1
Warszawa,Ochota,Cybernetyki 205,64.23,1,6,5714,52.1765786,20.9929758,1,9,1
Warszawa,Ochota,Nowowiejska 192,19.32,3,2,1724,52.2202079,21.0028348,5,13,0
Warszawa,Mokotów,Puławska 48,56.65,1,6,4368,52.2027248,21.02173164385335,10,6,2
Warszawa,Wola,Modlińska 31,81.02,2,9,8058,52.23632,20.957771,2,8,2
Warszawa,Mokotów,Wolska 182,73.59,2,10,7151,52.224896400000006,20.933615028313262,1,15,3
Warszawa,Śródmieście,Nowowiejska 160,91.21,4,5,6675,54.3502045,18.6543087,2,8,2
Warszawa,Wola,Cybernetyki 115,45.02,3,1,3680,52.2553389,20.90377482478428,0,8,0
Warszawa,Mokotów,Nowowiejska 294,62.91,3,3,6272,52.2201252,21.0054052,5,13,2
Warszawa,Bielany,Kampinoska 286,30.7,3,0,2867,52.2751104,20.9028679,0,2,0
Warszawa,Ursynów,Marszałkowska 93,71.17,1,4,6291,52.228472,21.0123927,5,16,3
Warszawa,Ochota,Grochowska 4,26.33,1,2,2596,52.20815,20.973836,6,19,2
Warszawa,Żoliborz,Puławska 73,44.61,3,10,4015,52.20138645,21.023962620675658,8,7,2
Warszawa,Bemowo,Złota 193,80.05,2,6,6350,52.253634,20.908367,0,6,1
Warszawa,Ursynów,Grochowska 291,82.57,1,9,5542,52.2459858,21.06865646122278,6,15,4
Warszawa,Wola,Kampinoska 26,15.93,2,10,1097,52.23632,20.957771,2,8,2
Warszawa,Żoliborz,Cybernetyki 227,57.68,2,6,4765,52.271217,20.983873,2,17,1
Warszawa,Mokotów,Grochowska 221,15.0,2,1,1355,52.24520595,21.08155469938238,15,22,4
Warszawa,Targówek,Modlińska 158,23.91,3,0,2316,52.31915255,20.974179889849992,0,9,1
Warszawa,Śródmieście,Marszałkowska 105,57.33,1,4,5906,54.3502045,18.6543087,2,8,2
Warszawa,Ursynów,Nowowiejska 168,39.72,1,1,3036,52.136906,21.027305,0,0,1
Warszawa,Wola,Aleje Jerozolimskie 195,48.75,3,8,4441,52.2020931,20.9382856,0,6,3
Warszawa,Ochota,Puławska 204,30.29,3,0,2476,52.1787836,21.0213615,1,20,5
Warszawa,Mokotów,Grochowska 295,39.39,1,6,3644,52.2460048,21.068104306763168,6,13,3
Warszawa,Żoliborz,Nowowiejska 59,47.86,1,6,3204,52.271217,20.983873,2,17,1
Warszawa,Bielany,Cybernetyki 186,38.93,1,1,2840,52.284438,20.950063,4,14,1
Warszawa,Żoliborz,Kampinoska 206,89.29,2,8,6831,52.271217,20.983873,2,17,1
Warszawa,Ochota,Złota 171,36.01,2,2,2736,52.2296488,20.9965175,4,30,8
Warszawa,Bemowo,Modlińska 100,47.75,2,5,4303,52.3120443,20.9782876,2,7,0
Warszawa,Wola,Złota 53,62.28,3,2,4511,52.2307989,21.0023471,5,33,6
Warszawa,Wola,Puławska 91,39.39,1,10,3595,52.2001977,21.0241331,7,7,2
Warszawa,Bielany,Cybernetyki 290,44.5,1,10,4087,52.284438,20.950063,4,14,1
Warszawa,Ochota,Aleje Jerozolimskie 226,19.7,3,1,1787,52.18865065,20.91217837572621,1,4,1
Warszawa,Ursynów,Kampinoska 29,82.9,2,5,6875,52.136906,21.027305,0,0,1
Warszawa,Targówek,Marszałkowska 30,61.53,2,5,5419,52.2186799,21.0186655,6,22,0
Warszawa,Mokotów,Kampinoska 260,111.58,3,6,9413,52.192455,21.052719,3,16,0
Warszawa,Śródmieście,Cybernetyki 293,47.44,1,10,3693,54.3502045,18.6543087,2,8,2
Warszawa,Bemowo,Aleje Jerozolimskie 32,17.87,2,7,1705,52.2063619,20.9436769,0,7,1
Warszawa,Ochota,Puławska 259,34.87,1,10,2369,52.2107977,21.020637,7,12,5
Warszawa,Targówek,Cybernetyki 269,37.07,1,8,3136,52.2844,21.064424,1,8,0
Warszawa,Ursynów,Wolska 210,83.74,3,5,7119,52.2233223,20.9300992,1,13,3
Warszawa,Ochota,Puławska 169,49.84,3,1,4209,52.1794417,21.0222512,1,21,5
Warszawa,Ursynów,Kampinoska 77,51.55,1,5,3898,52.136906,21.027305,0,0,1
Warszawa,Ochota,Nowowiejska 201,80.46,3,2,7506,52.2202079,21.0028348,5,13,0
Warszawa,Ursynów,Modlińska 193,29.26,2,10,3056,52.3270991,20.9683448,2,5,0
Warszawa,Bemowo,Puławska 217,32.49,1,8,2489,52.1779496,21.0215061,1,20,4
Warszawa,Wola,Złota 175,68.52,4,7,5691,52.2296488,20.9965175,4,30,8
Warszawa,Wola,Puławska 152,22.03,3,1,1917,52.2114281,21.0202469,9,12,5
Warszawa,Bemowo,Marszałkowska 173,36.99,2,9,2611,52.253634,20.908367,0,6,1
Warszawa,Wola,Aleje Jerozolimskie 85,38.15,1,7,2584,52.227085,21.000445203453545,3,32,5
Warszawa,Praga-Południe,Cybernetyki 146,50.97,1,7,3664,52.238972,21.084606,9,12,0
Warszawa,Targówek,Złota 189,55.41,2,10,5937,52.2844,21.064424,1,8,0
Warszawa,Targówek,Nowowiejska 196,45.22,1,8,4347,52.2844,21.064424,1,8,0
Warszawa,Praga-Południe,Kampinoska 71,38.46,3,4,2732,52.238972,21.084606,9,12,0
Warszawa,Ochota,Modlińska 53,60.02,1,8,5519,52.3046243,20.9875641,1,8,3
Warszawa,Wola,Nowowiejska 231,51.99,3,8,3806,52.2201252,21.0054052,5,13,2
Warszawa,Praga-Południe,Cybernetyki 179,16.61,3,0,1265,52.238972,21.084606,9,12,0
Warszawa,Ochota,Złota 198,36.75,3,1,2514,52.2296488,20.9965175,4,30,8
Warszawa,Mokotów,Grochowska 75,34.73,1,2,2888,52.24023545,21.110331020529575,3,9,4
Warszawa,Targówek,Aleje Jerozolimskie 241,17.45,2,7,1949,52.2844,21.064424,1,8,0
Warszawa,Śródmieście,Nowowiejska 111,55.19,1,2,4999,54.3502045,18.6543087,2,8,2
Warszawa,Bemowo,Wolska 57,62.77,1,4,4463,52.2235403,20.9308676,1,13,3
Warszawa,Praga-Południe,Wolska 235,48.68,1,1,3974,52.238972,21.084606,9,12,0
Warszawa,Bielany,Modlińska 9,36.96,2,10,2900,52.3035358,20.989372,0,4,3
Warszawa,Wola,Nowowiejska 220,32.79,2,0,2640,52.2201252,21.0054052,5,13,2
Warszawa,Żoliborz,Aleje Jerozolimskie 44,70.13,1,8,6527,52.230602,21.0127452,4,16,3
Warszawa,Bemowo,Modlińska 260,66.71,1,8,5669,52.3391751,20.957295054089254,0,5,0
Warszawa,Targówek,Marszałkowska 199,60.6,3,5,4219,52.2844,21.064424,1,8,0
Warszawa,Mokotów,Grochowska 124,15.0,1,10,1604,52.2425295,21.103072899107133,4,13,5
Warszawa,Ochota,Aleje Jerozolimskie 23,61.54,2,5,5629,52.23041295,21.015776042896427,5,22,3
Warszawa,Wola,Cybernetyki 246,57.42,1,10,3968,52.24009125,20.893942963957596,0,10,1
Warszawa,Targówek,Marszałkowska 151,51.73,2,3,3388,52.2844,21.064424,1,8,0
Warszawa,Śródmieście,Grochowska 159,73.36,2,8,6327,54.3502045,18.6543087,2,8,2
Warszawa,Targówek,Nowowiejska 19,56.75,2,10,4154,52.2189917,21.011346,4,21,2
Warszawa,Śródmieście,Grochowska 140,40.25,2,1,3719,54.3502045,18.6543087,2,8,2
Warszawa,Żoliborz,Cybernetyki 198,57.89,2,5,5739,52.271217,20.983873,2,17,1
Warszawa,Targówek,Grochowska 266,55.8,4,4,5474,52.2460091,21.0737147,15,19,6
Warszawa,Mokotów,Wolska 93,67.42,2,8,4916,52.192455,21.052719,3,16,0
Warszawa,Ochota,Nowowiejska 157,74.02,2,7,6445,52.2202079,21.0028348,5,13,0
Warszawa,Targówek,Grochowska 229,15.0,1,0,1788,52.24529675,21.08017188285201,16,21,5
Warszawa,Bielany,Wolska 141,15.0,2,10,1938,52.2263448,20.9434817,0,14,4
Warszawa,Mokotów,Wolska 187,50.37,4,8,4915,52.192455,21.052719,3,16,0
Warszawa,Śródmieście,Aleje Jerozolimskie 225,56.54,2,0,3907,54.3502045,18.6543087,2,8,2
Warszawa,Ochota,Grochowska 197,66.59,1,9,4379,52.2451761,21.0878744,12,14,4
Warszawa,Targówek,Grochowska 191,54.71,3,7,5156,52.245124,21.0887292,4,14,4
Warszawa,Bemowo,Grochowska 204,20.43,3,5,1577,52.245473450000006,21.08594284574877,10,13,4
Warszawa,Mokotów,Marszałkowska 96,56.77,2,7,5269,52.2287939,21.0121955,4,19,3
Warszawa,Mokotów,Nowowiejska 134,62.66,4,7,4901,52.2201252,21.0054052,5,13,2
Warszawa,Targówek,Złota 63,53.64,2,2,5079,52.2295223,20.999283332737832,3,36,7
Warszawa,Targówek,Puławska 164,40.81,1,10,2846,52.18610635,21.023942137762248,3,12,1
Warszawa,Bemowo,Nowowiejska 154,66.61,1,2,6512,52.253634,20.908367,0,6,1
Warszawa,Wola,Grochowska 261,51.43,2,3,3488,52.23632,20.957771,2,8,2
Warszawa,Wola,Złota 253,59.58,2,0,4887,52.2296488,20.9965175,4,30,8
Warszawa,Targówek,Modlińska 67,70.75,1,9,6395,52.30860885,20.977753702083334,2,10,0
Warszawa,Żoliborz,Cybernetyki 270,44.6,1,6,4474,52.271217,20.983873,2,17,1
Warszawa,Mokotów,Aleje Jerozolimskie 163,41.11,2,10,2935,52.2312738,21.018149,11,19,3
Warszawa,Bemowo,Grochowska 66,65.14,1,8,5492,52.2403013,21.1120341,2,10,3
Warszawa,Wola,Wolska 258,67.39,3,0,6416,52.2256718,20.9377926,1,14,3
Warszawa,Ursynów,Aleje Jerozolimskie 83,58.27,4,5,5438,52.22703555,21.001161954587708,3,30,5
Warszawa,Bemowo,Nowowiejska 41,34.52,1,4,3076,52.253634,20.908367,0,6,1
Warszawa,Ursynów,Aleje Jerozolimskie 156,15.0,3,9,1292,52.21006545,20.94794202402386,0,6,3
Warszawa,Wola,Kampinoska 298,63.09,2,2,4864,52.23632,20.957771,2,8,2
Warszawa,Bielany,Grochowska 289,55.6,1,0,4796,52.24597565,21.068927191484555,7,16,4
Warszawa,Śródmieście,Kampinoska 136,98.92,2,10,7622,54.3502045,18.6543087,2,8,2
Warszawa,Bielany,Marszałkowska 255,52.19,3,10,4649,52.284438,20.950063,4,14,1
Warszawa,Ursynów,Cybernetyki 126,59.62,2,10,4853,52.1755101,20.9979059,5,17,1
Warszawa,Śródmieście,Aleje Jerozolimskie 226,34.19,2,6,2594,54.3502045,18.6543087,2,8,2
Warszawa,Bielany,Aleje Jerozolimskie 161,87.64,3,5,8425,52.2150035,20.9571996,0,11,3
Warszawa,Żoliborz,Aleje Jerozolimskie 190,81.86,1,8,6928,52.1992353,20.93207944922446,0,7,3
Warszawa,Targówek,Puławska 137,30.21,2,7,1936,52.1911632,21.0243015,3,11,1
Warszawa,Ursynów,Wolska 215,51.11,3,3,5456,52.2232651,20.9298972,1,13,3
Warszawa,Ochota,Kampinoska 161,16.15,4,3,1498,52.20815,20.973836,6,19,2
Warszawa,Bemowo,Cybernetyki 256,46.84,2,4,3567,52.253634,20.908367,0,6,1
Warszawa,Żoliborz,Modlińska 235,29.76,1,3,2128,52.2915989,21.0015459,0,10,1
Warszawa,Śródmieście,Nowowiejska 254,66.46,2,9,6565,54.3502045,18.6543087,2,8,2
Warszawa,Targówek,Nowowiejska 275,24.2,1,0,2239,52.2844,21.064424,1,8,0
Warszawa,Ursynów,Grochowska 207,43.28,4,5,2639,52.2439495,21.0855874,13,18,3
Warszawa,Bemowo,Złota 186,44.81,1,8,3411,52.253634,20.908367,0,6,1
Warszawa,Targówek,Modlińska 144,45.09,2,9,3695,52.315051600000004,20.977695004141104,2,8,1
Warszawa,Mokotów,Wolska 192,15.0,2,5,1166,52.2237138,20.9314812,1,15,3
Warszawa,Wola,Złota 261,45.38,3,6,3402,52.2296488,20.9965175,4,30,8
Warszawa,Wola,Grochowska 243,86.98,3,8,7387,52.23632,20.957771,2,8,2
Warszawa,Bemowo,Aleje Jerozolimskie 168,44.62,1,9,3442,52.20626165,20.942384896406814,0,6,1
Warszawa,Bielany,Nowowiejska 173,101.47,2,8,9656,52.284438,20.950063,4,14,1
Warszawa,Bielany,Nowowiejska 244,50.28,2,0,4249,52.284438,20.950063,4,14,1
Warszawa,Żoliborz,Kampinoska 158,53.96,2,10,3794,52.271217,20.983873,2,17,1
Warszawa,Bielany,Kampinoska 117,38.53,1,0,3042,52.2751104,20.9028679,0,2,0
Warszawa,Bielany,Wolska 76,49.34,1,10,3884,52.2333543,20.960989191268197,2,11,3
Warszawa,Mokotów,Złota 10,35.74,2,7,2489,52.2321646,21.0101752,4,22,5
Warszawa,Praga-Południe,Wolska 257,44.9,4,9,4755,52.238972,21.084606,9,12,0
Warszawa,Śródmieście,Aleje Jerozolimskie 266,15.0,3,3,1800,54.3502045,18.6543087,2,8,2
Warszawa,Targówek,Modlińska 193,74.92,1,5,7354,52.2931383,21.0002799,0,11,1
Warszawa,Bemowo,Grochowska 280,43.15,2,5,4263,52.246563300000005,21.06765650099236,6,13,1
Warszawa,Ursynów,Kampinoska 248,21.85,1,3,1936,52.136906,21.027305,0,0,1
Warszawa,Ursynów,Złota 153,27.79,4,4,2723,52.136906,21.027305,0,0,1
Warszawa,Targówek,Grochowska 246,68.71,3,5,6399,52.24582335,21.080210767667175,13,21,5
Warszawa,Ursynów,Nowowiejska 63,64.43,1,9,5697,52.136906,21.027305,0,0,1
Warszawa,Żoliborz,Grochowska 75,39.51,2,4,3270,52.24023545,21.110331020529575,3,9,4
Warszawa,Mokotów,Grochowska 227,25.56,3,10,1964,52.2453269,21.0803546,15,22,5
Warszawa,Praga-Południe,Modlińska 139,45.19,2,8,3744,52.3150409,20.9754908,2,8,1
Warszawa,Bielany,Kampinoska 123,64.22,2,3,4998,52.2751104,20.9028679,0,2,0
Warszawa,Praga-Południe,Złota 27,42.78,3,1,3742,52.25447385,21.07902340056883,0,12,0
Warszawa,Mokotów,Aleje Jerozolimskie 3,28.38,3,8,2477,52.2316938,21.0247708,8,16,0
Warszawa,Targówek,Cybernetyki 103,61.86,2,4,5072,52.2844,21.064424,1,8,0
Warszawa,Mokotów,Kampinoska 119,56.52,1,8,5559,52.192455,21.052719,3,16,0
Warszawa,Śródmieście,Aleje Jerozolimskie 214,68.48,2,2,6248,54.3502045,18.6543087,2,8,2
Warszawa,Żoliborz,Cybernetyki 96,39.55,3,4,3318,52.271217,20.983873,2,17,1
Warszawa,Bielany,Kampinoska 55,35.91,1,5,3309,52.2751104,20.9028679,0,2,0
Warszawa,Bemowo,Modlińska 253,18.87,3,2,1770,52.3321416,20.9643142,2,10,2
Warszawa,Praga-Południe,Puławska 170,24.39,4,2,2390,52.1850588,21.0239783,2,12,3
Warszawa,Wola,Marszałkowska 173,15.0,4,4,1562,52.2183424,21.019934,6,21,0
Warszawa,Wola,Kampinoska 208,54.22,2,6,4220,52.239286,20.910013,1,11,3
Warszawa,Mokotów,Aleje Jerozolimskie 72,39.1,2,7,2864,52.2312738,21.018149,11,19,3
Warszawa,Ursynów,Wolska 121,49.25,3,7,5015,52.2281463,20.9478206,1,16,2
Warszawa,Ursynów,Kampinoska 294,52.28,2,0,3929,52.136906,21.027305,0,0,1
Warszawa,Praga-Południe,Marszałkowska 61,42.73,2,7,3289,52.2240885,21.0152973,11,15,2
Warszawa,Bemowo,Nowowiejska 61,56.16,1,10,5269,52.253634,20.908367,0,6,1
Warszawa,Bielany,Złota 113,23.04,3,2,1898,52.284438,20.950063,4,14,1
Warszawa,Bielany,Grochowska 213,53.42,2,8,5459,52.24510545,21.08286617080145,15,18,4
Warszawa,Praga-Południe,Złota 42,50.37,2,8,4404,52.25447385,21.07902340056883,0,12,0
Warszawa,Mokotów,Kampinoska 58,39.2,1,0,4121,52.192455,21.052719,3,16,0
Warszawa,Praga-Południe,Kampinoska 275,53.92,1,2,4395,52.238972,21.084606,9,12,0
Warszawa,Targówek,Puławska 106,58.17,1,9,5323,52.1955879,21.02377116517035,3,7,2
Warszawa,Targówek,Marszałkowska 233,70.58,2,2,5984,52.2844,21.064424,1,8,0
Warszawa,Śródmieście,Modlińska 237,55.12,3,10,5415,54.3502045,18.6543087,2,8,2
Warszawa,Żoliborz,Nowowiejska 2,83.31,3,3,6822,52.2198886,21.0168888,10,23,2
Warszawa,Ochota,Puławska 278,15.0,1,0,1039,52.1510176,21.0170086,2,12,1
Warszawa,Targówek,Marszałkowska 147,37.5,2,6,2462,52.2844,21.064424,1,8,0
Warszawa,Żoliborz,Grochowska 196,60.35,1,7,6205,52.245539050000005,21.08791964650039,12,14,4
Warszawa,Żoliborz,Puławska 277,53.74,1,2,4663,52.2114281,21.0202469,9,12,5
Warszawa,Wola,Modlińska 202,37.77,1,8,3266,52.23632,20.957771,2,8,2
Warszawa,Śródmieście,Marszałkowska 153,31.54,1,7,2889,54.3502045,18.6543087,2,8,2
Warszawa,Bemowo,Wolska 118,30.48,3,3,2209,52.2283747,20.9483265,1,15,2
Warszawa,Praga-Południe,Puławska 17,31.01,5,10,2826,52.2098592,21.0219983,5,11,5
Warszawa,Śródmieście,Złota 106,59.87,2,1,3905,54.3502045,18.6543087,2,8,2
Warszawa,Bielany,Marszałkowska 126,32.83,3,0,2428,52.2348173,21.0092264,3,24,4
Warszawa,Praga-Południe,Marszałkowska 72,38.49,2,8,3575,52.2256472,21.0147392,8,18,2
Warszawa,Bielany,Grochowska 296,101.2,2,9,9747,52.2461903,21.0679863,6,13,3
Warszawa,Praga-Południe,Nowowiejska 74,72.99,1,10,6164,52.238972,21.084606,9,12,0
Warszawa,Ursynów,Marszałkowska 286,49.3,4,9,5163,52.136906,21.027305,0,0,1
Warszawa,Żoliborz,Modlińska 254,37.46,4,0,4156,52.2915989,21.0015459,0,10,1
Warszawa,Żoliborz,Modlińska 164,64.16,1,6,5076,52.2915989,21.0015459,0,10,1
Warszawa,Wola,Modlińska 243,62.65,3,3,5782,52.23632,20.957771,2,8,2
Warszawa,Wola,Cybernetyki 30,62.44,1,8,5060,52.2553389,20.90377482478428,0,8,0
Warszawa,Bemowo,Aleje Jerozolimskie 199,35.46,2,3,2583,52.2058296,20.9428945,0,6,1
Warszawa,Mokotów,Cybernetyki 190,48.51,3,1,4504,52.1755101,20.9979059,5,17,1
Warszawa,Śródmieście,Nowowiejska 194,53.55,1,10,4259,54.3502045,18.6543087,2,8,2
Warszawa,Mokotów,Złota 287,57.6,3,3,5229,52.192455,21.052719,3,16,0
Warszawa,Ochota,Nowowiejska 8,61.2,3,3,6466,52.2202079,21.0028348,5,13,0
Warszawa,Mokotów,Cybernetyki 125,66.68,2,9,5972,52.1755101,20.9979059,5,17,1
Warszawa,Praga-Południe,Modlińska 165,48.6,1,4,3990,52.31711865,20.971675061884056,0,8,3
Warszawa,Ochota,Nowowiejska 134,58.59,2,5,4999,52.2202079,21.0028348,5,13,0
Warszawa,Mokotów,Cybernetyki 164,55.43,1,3,4410,52.1755101,20.9979059,5,17,1
Warszawa,Bielany,Złota 75,28.38,3,0,2643,52.2294215,20.99641894580212,4,30,8
Warszawa,Bielany,Wolska 152,49.21,3,2,3464,52.2259149,20.9393206,1,13,3
Warszawa,Bielany,Złota 256,50.57,2,8,4717,52.284438,20.950063,4,14,1
Warszawa,Ursynów,Cybernetyki 252,68.77,1,7,5455,52.1755101,20.9979059,5,17,1
Warszawa,Wola,Aleje Jerozolimskie 280,51.92,2,7,4310,52.219119,20.969695,7,15,1
Warszawa,Śródmieście,Modlińska 18,41.31,2,1,4231,54.3502045,18.6543087,2,8,2
Warszawa,Śródmieście,Wolska 71,54.44,2,10,4395,54.3502045,18.6543087,2,8,2
Warszawa,Śródmieście,Złota 259,75.12,1,7,6217,54.3502045,18.6543087,2,8,2
Warszawa,Bielany,Cybernetyki 250,46.26,2,0,3299,52.284438,20.950063,4,14,1
Warszawa,Śródmieście,Marszałkowska 272,78.94,2,4,6581,54.3502045,18.6543087,2,8,2
Warszawa,Bemowo,Wolska 92,70.64,1,1,6914,52.2235403,20.9308676,1,13,3
Warszawa,Praga-Południe,Złota 270,55.34,3,4,4994,52.25447385,21.07902340056883,0,12,0
Warszawa,Żoliborz,Puławska 192,51.65,3,6,4069,52.1795524,21.0212163,1,23,5
Warszawa,Praga-Południe,Nowowiejska 42,39.65,3,10,4104,52.238972,21.084606,9,12,0
Warszawa,Śródmieście,Puławska 208,95.98,2,6,7780,54.3502045,18.6543087,2,8,2
Warszawa,Śródmieście,Aleje Jerozolimskie 43,41.09,3,7,4063,54.3502045,18.6543087,2,8,2
Warszawa,Ochota,Kampinoska 49,81.59,1,8,7690,52.20815,20.973836,6,19,2
Warszawa,Bielany,Cybernetyki 139,41.6,2,0,4249,52.284438,20.950063,4,14,1
Warszawa,Ursynów,Modlińska 289,23.11,1,10,2069,52.3376246,20.956734735120236,0,5,2
Warszawa,Ochota,Marszałkowska 107,29.92,1,9,2544,52.235386,21.0075582,5,23,4
Warszawa,Żoliborz,Puławska 154,49.31,2,2,4352,52.1867965,21.024307325933005,4,14,1
Warszawa,Żoliborz,Modlińska 170,81.01,1,6,7147,52.292569,21.000554,0,11,1
Warszawa,Mokotów,Modlińska 178,69.69,2,0,4814,52.3189719,20.9733647,0,10,2
Warszawa,Mokotów,Grochowska 204,49.01,3,5,3247,52.245473450000006,21.08594284574877,10,13,4
Warszawa,Targówek,Cybernetyki 117,27.55,2,5,2261,52.2844,21.064424,1,8,0
Warszawa,Wola,Kampinoska 195,53.33,2,1,4763,52.223122,20.931053,1,13,3
Warszawa,Praga-Południe,Puławska 43,55.78,4,4,4374,52.2067327,21.023365435677402,4,11,4
Warszawa,Wola,Wolska 163,37.25,1,5,2231,52.2252344,20.9363409,1,18,2
Warszawa,Ursynów,Cybernetyki 185,37.54,1,4,2330,52.1755101,20.9979059,5,17,1
Warszawa,Żoliborz,Cybernetyki 286,37.25,3,8,2783,52.271217,20.983873,2,17,1
Warszawa,Mokotów,Grochowska 284,78.41,1,1,7177,52.2465981,21.066975388978356,6,9,2
Warszawa,Żoliborz,Marszałkowska 150,33.35,2,6,2307,52.2326302,21.0099394,4,23,4
Warszawa,Bemowo,Złota 293,38.96,3,8,2806,52.253634,20.908367,0,6,1
Warszawa,Wola,Nowowiejska 155,54.06,1,4,4147,52.2201252,21.0054052,5,13,2
Warszawa,Żoliborz,Nowowiejska 216,80.95,4,4,6419,52.271217,20.983873,2,17,1
Warszawa,Ursynów,Złota 254,37.74,2,9,3297,52.136906,21.027305,0,0,1
Warszawa,Wola,Nowowiejska 4,55.72,2,6,4575,52.22018785,21.016828855737444,10,24,2
Warszawa,Ochota,Cybernetyki 172,63.17,4,6,6326,52.1765786,20.9929758,1,9,1
Warszawa,Bielany,Aleje Jerozolimskie 154,46.46,1,5,4288,52.21073865,20.949332851556257,0,8,4
Warszawa,Targówek,Grochowska 91,22.41,1,6,2011,52.24088405,21.107946974595265,3,12,3
Warszawa,Targówek,Kampinoska 125,49.34,4,5,4326,52.2844,21.064424,1,8,0
Warszawa,Żoliborz,Grochowska 59,39.65,2,9,3510,52.2400183,21.1133576,1,11,2
Warszawa,Wola,Modlińska 14,49.67,3,7,4591,52.23632,20.957771,2,8,2
Warszawa,Ursynów,Puławska 210,100.54,1,10,8677,52.1767042,21.0213754,2,20,3
Warszawa,Praga-Południe,Nowowiejska 79,40.21,3,6,3340,52.238972,21.084606,9,12,0
Warszawa,Bielany,Cybernetyki 299,63.64,4,6,5898,52.284438,20.950063,4,14,1
Warszawa,Żoliborz,Modlińska 19,61.68,2,5,5928,52.3005113,20.99222,0,5,2
Warszawa,Bielany,Puławska 56,61.81,3,3,5401,52.20165495,21.02307197265835,10,8,2
Warszawa,Bielany,Marszałkowska 289,66.41,3,10,5898,52.284438,20.950063,4,14,1
Warszawa,Ochota,Wolska 55,71.33,3,0,4926,52.2337235,20.9665912,7,12,2
Warszawa,Bemowo,Modlińska 298,77.64,3,9,5823,52.3433445,20.9531124847569,1,10,3
Warszawa,Targówek,Kampinoska 257,46.66,2,2,3273,52.2844,21.064424,1,8,0
Warszawa,Mokotów,Nowowiejska 213,74.13,1,1,5887,52.2201252,21.0054052,5,13,2
Warszawa,Wola,Grochowska 160,57.37,2,5,4506,52.2419564,20.919835480867896,1,6,1
Warszawa,Targówek,Grochowska 244,50.57,3,1,4401,52.2457905,21.08062574042133,13,22,5
Warszawa,Ochota,Puławska 154,53.82,2,0,4690,52.1867965,21.024307325933005,4,14,1
Warszawa,Ochota,Puławska 85,22.8,3,3,2000,52.1997853,21.0239774,6,6,2
Warszawa,Ochota,Modlińska 219,62.91,4,7,4746,52.326416550000005,20.96746074420838,2,6,0
Warszawa,Wola,Aleje Jerozolimskie 222,43.84,2,6,3221,52.219119,20.969695,7,15,1
Warszawa,Praga-Południe,Cybernetyki 220,54.99,4,6,3571,52.238972,21.084606,9,12,0
Warszawa,Ursynów,Puławska 296,48.09,2,1,4556,52.1487203,21.016862811087865,1,10,1
Warszawa,Ochota,Grochowska 101,62.16,2,7,4734,52.2417046,21.1054101,3,11,5
Warszawa,Targówek,Modlińska 161,41.07,2,9,3246,52.3172371,20.9739351,1,6,1
Warszawa,Mokotów,Grochowska 181,71.47,1,7,6640,52.2444299,21.090880208827,8,12,4
Warszawa,Ursynów,Kampinoska 44,52.66,1,10,3515,52.136906,21.027305,0,0,1
Warszawa,Ursynów,Puławska 94,73.9,1,5,6721,52.1966625,21.02372252228797,4,7,1
Warszawa,Żoliborz,Kampinoska 71,38.82,2,9,2850,52.271217,20.983873,2,17,1
Warszawa,Bemowo,Aleje Jerozolimskie 285,81.31,2,2,6526,52.2058296,20.9428945,0,6,1
Warszawa,Ochota,Cybernetyki 28,38.9,4,5,3818,52.1765786,20.9929758,1,9,1
Warszawa,Praga-Południe,Wolska 288,21.04,1,8,1794,52.238972,21.084606,9,12,0
Warszawa,Targówek,Wolska 228,58.8,1,7,4476,52.2844,21.064424,1,8,0
Warszawa,Praga-Południe,Nowowiejska 17,29.58,3,4,2058,52.238972,21.084606,9,12,0
Warszawa,Targówek,Kampinoska 254,54.88,1,8,4755,52.2844,21.064424,1,8,0
Warszawa,Ursynów,Modlińska 188,24.39,3,8,1850,52.32615625,20.969423708423463,2,6,0
Warszawa,Targówek,Modlińska 112,63.0,2,6,4933,52.3131905,20.9774429,2,8,0
Warszawa,Praga-Południe,Nowowiejska 17,86.93,1,7,7132,52.238972,21.084606,9,12,0
Warszawa,Mokotów,Cybernetyki 61,19.49,1,3,1724,52.1755101,20.9979059,5,17,1
Warszawa,Ochota,Kampinoska 220,49.09,2,2,4628,52.20815,20.973836,6,19,2
Warszawa,Praga-Południe,Marszałkowska 292,45.18,2,5,3980,52.238972,21.084606,9,12,0
Warszawa,Wola,Grochowska 150,24.97,3,4,2629,52.24209555,20.921405580705525,1,3,0
Warszawa,Bemowo,Puławska 70,48.36,3,6,5210,52.2004852,21.02279083060089,7,6,2
Warszawa,Wola,Aleje Jerozolimskie 128,56.85,2,2,5521,52.2211625,20.9752253,5,13,3
Warszawa,Żoliborz,Cybernetyki 73,61.4,2,9,5590,52.271217,20.983873,2,17,1
Warszawa,Żoliborz,Cybernetyki 39,62.85,3,10,6166,52.271217,20.983873,2,17,1
Warszawa,Żoliborz,Modlińska 143,53.93,3,5,4498,52.2920785,21.0010628,0,11,1
Warszawa,Bielany,Marszałkowska 48,48.21,3,7,4490,52.2214954,21.0170118,12,22,2
Warszawa,Mokotów,Modlińska 204,36.47,4,3,3936,52.328696949999994,20.968354891022134,3,6,0
Warszawa,Targówek,Nowowiejska 166,49.2,1,4,4020,52.2844,21.064424,1,8,0
Warszawa,Bielany,Cybernetyki 176,52.56,1,10,4427,52.284438,20.950063,4,14,1
Warszawa,Targówek,Marszałkowska 64,66.81,1,2,5061,52.2245122,21.0154841,9,15,2
Warszawa,Żoliborz,Złota 68,41.08,1,10,3622,52.2299919,20.997396543790693,3,36,8
Warszawa,Ursynów,Puławska 185,40.95,1,4,3132,52.1768386,21.0214252,2,20,3
Warszawa,Wola,Marszałkowska 203,18.32,3,10,1649,52.2256794,21.0140635,8,17,2
Warszawa,Praga-Południe,Wolska 47,65.72,2,1,4579,52.23332535,20.96865881251245,6,13,1
Warszawa,Wola,Kampinoska 116,30.66,2,8,2280,52.23632,20.957771,2,8,2
Warszawa,Ochota,Puławska 217,49.93,1,2,3939,52.1779496,21.0215061,1,20,4
Warszawa,Mokotów,Puławska 53,80.07,3,5,6287,52.204577400000005,21.0235825093471,5,6,3
Warszawa,Żoliborz,Aleje Jerozolimskie 74,45.58,2,1,3424,52.271217,20.983873,2,17,1
Warszawa,Wola,Cybernetyki 180,54.17,1,3,4463,52.2026,20.93731,0,6,3
Warszawa,Żoliborz,Kampinoska 227,45.06,1,3,2871,52.271217,20.983873,2,17,1
Warszawa,Mokotów,Kampinoska 197,29.97,2,5,2778,52.192455,21.052719,3,16,0
Warszawa,Wola,Złota 142,85.95,3,10,6287,52.2296488,20.9965175,4,30,8
Warszawa,Bielany,Kampinoska 146,38.58,3,0,3840,52.2751104,20.9028679,0,2,0
Warszawa,Ursynów,Złota 266,77.99,3,9,6899,52.136906,21.027305,0,0,1
Warszawa,Ursynów,Marszałkowska 123,51.19,1,7,3916,52.136906,21.027305,0,0,1
Warszawa,Bielany,Puławska 271,63.96,2,0,6804,52.1545166,21.0174617,2,11,2
Warszawa,Wola,Wolska 292,67.9,3,6,5680,52.2351181,20.972957,9,14,4
Warszawa,Targówek,Puławska 9,70.99,1,9,4875,52.211848,21.0210837,6,13,5
Warszawa,Śródmieście,Marszałkowska 204,76.35,2,8,6213,54.3502045,18.6543087,2,8,2
Warszawa,Żoliborz,Wolska 206,91.51,1,1,8201,52.2351181,20.972957,9,14,4
Warszawa,Wola,Nowowiejska 43,84.72,2,4,6552,52.2199183,21.0156576,12,22,2
Warszawa,Wola,Modlińska 168,36.97,2,6,3501,52.23632,20.957771,2,8,2
Warszawa,Mokotów,Nowowiejska 224,43.59,2,3,2713,52.2201252,21.0054052,5,13,2
Warszawa,Żoliborz,Puławska 233,60.46,1,9,5145,52.1745517,21.0210082,3,8,2
Warszawa,Wola,Puławska 7,49.51,4,2,4171,52.211848,21.0210837,6,13,5
Warszawa,Ochota,Modlińska 265,84.55,2,4,5968,52.33517955,20.960212880578148,1,10,2
Warszawa,Ursynów,Puławska 16,50.76,2,5,4554,52.20838835,21.021311689634246,8,10,5
Warszawa,Mokotów,Nowowiejska 296,62.27,1,10,4458,52.2201252,21.0054052,5,13,2
Warszawa,Ochota,Marszałkowska 256,44.85,1,9,3021,52.2229454,21.0162201,12,20,2
Warszawa,Mokotów,Kampinoska 60,57.98,3,3,4849,52.192455,21.052719,3,16,0
Warszawa,Śródmieście,Złota 24,40.34,4,7,3684,54.3502045,18.6543087,2,8,2
Warszawa,Wola,Marszałkowska 284,25.48,1,10,1925,52.2256794,21.0140635,8,17,2
Warszawa,Żoliborz,Grochowska 139,54.49,3,1,4367,52.2432332,21.0982208,8,8,6
Warszawa,Śródmieście,Aleje Jerozolimskie 115,83.68,2,8,8775,54.3502045,18.6543087,2,8,2
Warszawa,Mokotów,Cybernetyki 145,71.57,2,4,5765,52.1755101,20.9979059,5,17,1
Warszawa,Śródmieście,Grochowska 103,46.55,3,4,3849,54.3502045,18.6543087,2,8,2
Warszawa,Bielany,Złota 238,63.05,1,5,5526,52.284438,20.950063,4,14,1
Warszawa,Praga-Południe,Modlińska 126,79.53,3,2,5492,52.3141196,20.976772,2,8,0
Warszawa,Praga-Południe,Modlińska 178,37.49,2,10,3945,52.3189719,20.9733647,0,10,2
Warszawa,Ochota,Marszałkowska 193,59.88,2,4,4408,52.2229454,21.0162201,12,20,2
Warszawa,Praga-Południe,Wolska 252,38.99,1,0,3509,52.238972,21.084606,9,12,0
Warszawa,Ursynów,Puławska 23,49.49,3,3,4816,52.2095003,21.021723703016804,5,12,5
Warszawa,Ochota,Cybernetyki 44,60.87,2,9,4068,52.1765786,20.9929758,1,9,1
Warszawa,Żoliborz,Puławska 291,65.43,1,0,5898,52.2114281,21.0202469,9,12,5
Warszawa,Praga-Południe,Nowowiejska 134,72.98,1,5,7029,52.238972,21.084606,9,12,0
Warszawa,Ochota,Grochowska 232,42.75,1,4,3735,52.24563875,21.0825831,13,19,4
Warszawa,Wola,Kampinoska 56,24.11,3,2,1713,52.23632,20.957771,2,8,2
Warszawa,Ochota,Wolska 62,40.65,2,8,3552,52.23412515,20.96439404399967,5,15,3
Warszawa,Targówek,Nowowiejska 238,49.06,2,4,4279,52.2844,21.064424,1,8,0
Warszawa,Ursynów,Kampinoska 21,51.54,1,3,4728,52.136906,21.027305,0,0,1
Warszawa,Mokotów,Złota 183,69.93,2,6,6149,52.192455,21.052719,3,16,0
Warszawa,Ursynów,Aleje Jerozolimskie 16,18.87,2,6,1860,52.219119,20.969695,7,15,1
Warszawa,Bemowo,Złota 49,80.02,3,7,6139,52.2308625,21.0022589,5,34,6
Warszawa,Mokotów,Marszałkowska 32,43.03,2,3,3504,52.2205622,21.0177579,9,23,1
Warszawa,Ochota,Puławska 299,43.57,4,9,3700,52.2107977,21.020637,7,12,5
Warszawa,Śródmieście,Puławska 102,57.64,2,10,4430,54.3502045,18.6543087,2,8,2
Warszawa,Ochota,Puławska 22,70.61,2,7,5474,52.20709755,21.021654146802327,9,7,4
Warszawa,Żoliborz,Wolska 255,44.82,2,0,3578,52.2351181,20.972957,9,14,4
Warszawa,Ochota,Złota 96,48.57,2,4,4191,52.2296488,20.9965175,4,30,8
Warszawa,Śródmieście,Kampinoska 126,64.55,2,10,5001,54.3502045,18.6543087,2,8,2
Warszawa,Bemowo,Cybernetyki 32,64.65,2,1,4705,52.253634,20.908367,0,6,1
Warszawa,Praga-Południe,Modlińska 128,51.57,1,10,5191,52.3143126,20.9766743,2,8,0
Warszawa,Śródmieście,Wolska 184,68.33,2,7,5883,54.3502045,18.6543087,2,8,2
Warszawa,Bielany,Modlińska 165,69.96,1,6,4990,52.30962,20.981135,3,8,0
Warszawa,Bielany,Złota 16,91.77,2,4,7076,52.284438,20.950063,4,14,1
Warszawa,Bemowo,Grochowska 300,72.16,1,3,6759,52.2465917,21.0644343,3,9,3
Warszawa,Praga-Południe,Nowowiejska 274,62.26,1,0,6233,52.238972,21.084606,9,12,0
Warszawa,Bielany,Wolska 182,37.52,4,2,2917,52.224896400000006,20.933615028313262,1,15,3
Warszawa,Ochota,Kampinoska 15,46.19,2,5,4609,52.20815,20.973836,6,19,2
Warszawa,Bielany,Złota 253,67.4,2,8,5333,52.284438,20.950063,4,14,1
Warszawa,Mokotów,Marszałkowska 120,53.01,2,9,4085,52.2256669,21.0143823,8,17,2
Warszawa,Śródmieście,Grochowska 104,98.07,2,2,7544,54.3502045,18.6543087,2,8,2
Warszawa,Ochota,Marszałkowska 12,54.02,3,2,5149,52.2153916,21.0206041,5,18,1
Warszawa,Mokotów,Modlińska 187,72.11,3,1,6297,52.3198741,20.9727468,0,10,3
Warszawa,Żoliborz,Kampinoska 52,62.77,1,5,4598,52.271217,20.983873,2,17,1
Warszawa,Wola,Wolska 250,82.67,1,10,6780,52.2351181,20.972957,9,14,4
Warszawa,Bemowo,Kampinoska 183,56.05,1,3,5357,52.2751104,20.9028679,0,2,0
Warszawa,Żoliborz,Nowowiejska 151,48.72,2,2,3171,52.271217,20.983873,2,17,1
Warszawa,Bielany,Wolska 291,56.43,2,0,4076,52.284438,20.950063,4,14,1
Warszawa,Bielany,Złota 290,82.27,2,1,7711,52.284438,20.950063,4,14,1
Warszawa,Mokotów,Złota 178,45.12,3,5,3770,52.192455,21.052719,3,16,0
Warszawa,Mokotów,Grochowska 229,73.79,1,0,5501,52.24529675,21.08017188285201,16,21,5
Warszawa,Mokotów,Grochowska 132,61.95,3,1,5223,52.2429496,21.099544,5,10,6
Warszawa,Targówek,Wolska 86,44.05,3,6,3613,52.2323322,20.9597001,2,10,3
Warszawa,Bemowo,Wolska 52,47.0,2,7,4480,52.2339062,20.9672557,6,13,1
Warszawa,Praga-Południe,Aleje Jerozolimskie 232,46.54,2,1,3907,52.2340906,21.032363,2,17,3
Warszawa,Śródmieście,Grochowska 134,28.07,1,1,1697,54.3502045,18.6543087,2,8,2
Warszawa,Żoliborz,Aleje Jerozolimskie 39,81.89,1,8,8524,52.2304249,21.0141308,5,17,3
Warszawa,Ochota,Kampinoska 248,30.17,1,0,2655,52.20815,20.973836,6,19,2
Warszawa,Bielany,Wolska 81,37.22,1,0,2424,52.23197965,20.961446188532513,2,11,2
Warszawa,Praga-Południe,Wolska 284,82.84,3,8,6239,52.238972,21.084606,9,12,0
Warszawa,Praga-Południe,Puławska 26,36.24,4,6,3498,52.206222999999994,21.02211171808888,9,7,4
Warszawa,Wola,Marszałkowska 185,69.64,2,0,5562,52.2256794,21.0140635,8,17,2
Warszawa,Bielany,Cybernetyki 103,15.0,4,1,732,52.284438,20.950063,4,14,1
Warszawa,Ursynów,Puławska 243,22.21,1,1,1657,52.1728317,21.0199557,2,9,2
Warszawa,Targówek,Nowowiejska 47,70.45,4,10,5766,52.2844,21.064424,1,8,0
Warszawa,Żoliborz,Grochowska 96,77.69,3,7,5482,52.2416705,21.10719291271848,2,12,4
Warszawa,Ursynów,Złota 138,61.9,3,9,4699,52.136906,21.027305,0,0,1
Warszawa,Mokotów,Puławska 177,65.18,2,8,5628,52.1793194,21.0220846,1,20,5
Warszawa,Praga-Południe,Modlińska 32,52.08,2,6,4842,52.300252,20.9927009,0,4,2
Warszawa,Bemowo,Cybernetyki 294,34.92,2,3,2522,52.253634,20.908367,0,6,1
Warszawa,Śródmieście,Modlińska 293,16.14,2,8,1694,54.3502045,18.6543087,2,8,2
Warszawa,Bielany,Aleje Jerozolimskie 62,30.23,1,7,2757,52.2284958,21.0058365,3,30,3
Warszawa,Praga-Południe,Złota 65,53.6,3,0,4921,52.22979765,20.998218923372306,3,38,7
Warszawa,Żoliborz,Złota 76,68.37,1,9,5725,52.2303968,20.999868,4,37,7
Warszawa,Mokotów,Puławska 199,30.21,3,8,2300,52.1767633,21.0213973,2,20,3
Warszawa,Ursynów,Modlińska 235,30.35,2,0,2963,52.3298578,20.96560766513995,1,5,0
Warszawa,Bemowo,Wolska 58,61.0,1,6,4610,52.2237185,20.9314961,1,15,3
Warszawa,Bielany,Puławska 55,52.11,1,9,5152,52.2042515,21.023388609356772,7,5,3
Warszawa,Bemowo,Grochowska 211,37.97,2,4,3079,52.2453431,21.0851446,10,15,4
Warszawa,Bielany,Cybernetyki 20,18.14,2,2,1063,52.177301,20.988082,0,9,1
Warszawa,Bielany,Wolska 20,49.61,3,6,4628,52.284438,20.950063,4,14,1
Warszawa,Praga-Południe,Marszałkowska 244,54.48,3,4,4799,52.238972,21.084606,9,12,0
Warszawa,Ursynów,Nowowiejska 144,52.5,2,7,5211,52.136906,21.027305,0,0,1
Warszawa,Praga-Południe,Aleje Jerozolimskie 154,52.45,3,7,4710,52.2340906,21.032363,2,17,3
Warszawa,Żoliborz,Kampinoska 46,50.98,2,3,4657,52.271217,20.983873,2,17,1
Warszawa,Żoliborz,Cybernetyki 265,35.96,1,5,3418,52.271217,20.983873,2,17,1
Warszawa,Wola,Puławska 160,21.95,4,8,2082,52.2114281,21.0202469,9,12,5
Warszawa,Bemowo,Kampinoska 15,25.12,1,2,2236,52.2751104,20.9028679,0,2,0
Warszawa,Śródmieście,Złota 17,35.63,3,7,2408,54.3502045,18.6543087,2,8,2
Warszawa,Praga-Południe,Nowowiejska 189,44.1,3,7,3890,52.238972,21.084606,9,12,0
Warszawa,Mokotów,Marszałkowska 124,36.53,2,5,3038,52.2337974,21.0099108,4,18,4
Warszawa,Targówek,Kampinoska 283,33.29,4,5,3011,52.2844,21.064424,1,8,0
Warszawa,Ursynów,Puławska 146,26.25,2,0,1804,52.1222461,21.018117,0,5,1
Warszawa,Bielany,Złota 114,62.68,2,10,4517,52.284438,20.950063,4,14,1
Warszawa,Żoliborz,Modlińska 11,46.29,2,10,3664,52.2961505,20.9974972,0,4,1
Warszawa,Wola,Kampinoska 5,50.88,2,3,4251,52.264606,20.98284,6,19,0
Warszawa,Ursynów,Nowowiejska 217,69.28,4,6,6578,52.136906,21.027305,0,0,1
Warszawa,Praga-Południe,Cybernetyki 155,38.85,1,10,3449,52.238972,21.084606,9,12,0
Warszawa,Bielany,Puławska 4,48.23,5,8,5288,52.2116123,21.01923760598882,9,12,4
Warszawa,Ochota,Modlińska 145,33.93,4,4,3053,52.3148378,20.9765332,2,8,1
Warszawa,Ochota,Nowowiejska 167,83.55,1,4,6714,52.2202079,21.0028348,5,13,0
Warszawa,Ursynów,Złota 77,61.38,4,8,6105,52.22890055,20.995881338810122,4,24,7
Warszawa,Bielany,Wolska 164,42.42,2,10,2672,52.2251654,20.9360723,1,18,1
Warszawa,Targówek,Nowowiejska 133,38.37,1,6,3388,52.2844,21.064424,1,8,0
Warszawa,Bielany,Kampinoska 98,37.01,1,5,3119,52.2751104,20.9028679,0,2,0
Warszawa,Bemowo,Cybernetyki 184,50.68,1,8,3674,52.253634,20.908367,0,6,1
Warszawa,Bemowo,Aleje Jerozolimskie 151,54.68,1,1,4840,52.21185605,20.951434397134733,0,8,3
Warszawa,Bemowo,Aleje Jerozolimskie 172,56.62,3,10,3970,52.2107205,20.9504726,0,8,4
Warszawa,Ursynów,Wolska 170,15.0,2,5,961,52.2248459,20.9348951,1,18,2
Warszawa,Mokotów,Cybernetyki 28,74.55,1,10,6967,52.1755101,20.9979059,5,17,1
Warszawa,Mokotów,Cybernetyki 100,83.45,2,8,6322,52.1755101,20.9979059,5,17,1
Warszawa,Bemowo,Nowowiejska 212,35.9,2,0,3101,52.253634,20.908367,0,6,1
Warszawa,Praga-Południe,Grochowska 210,61.17,2,9,6407,52.2454566,21.0853545,10,13,4
Warszawa,Wola,Grochowska 93,60.78,1,1,5274,52.23632,20.957771,2,8,2
Warszawa,Wola,Grochowska 30,53.39,1,0,4170,52.23632,20.957771,2,8,2
Warszawa,Wola,Kampinoska 82,47.78,1,7,4749,52.23632,20.957771,2,8,2
Warszawa,Wola,Kampinoska 223,35.29,3,10,2853,52.238466,20.90858,3,9,3
Warszawa,Targówek,Wolska 3,71.83,3,0,6409,52.2844,21.064424,1,8,0
Warszawa,Śródmieście,Grochowska 272,28.15,2,3,1489,54.3502045,18.6543087,2,8,2
Warszawa,Praga-Południe,Złota 177,74.26,2,4,5368,52.25447385,21.07902340056883,0,12,0
Warszawa,Bielany,Nowowiejska 86,96.39,2,1,8927,52.284438,20.950063,4,14,1
Warszawa,Ursynów,Cybernetyki 267,53.84,2,9,4549,52.1755101,20.9979059,5,17,1
Warszawa,Wola,Grochowska 251,52.67,2,5,4537,52.23632,20.957771,2,8,2
Warszawa,Żoliborz,Marszałkowska 117,64.16,3,3,5522,52.2326302,21.0099394,4,23,4
Warszawa,Śródmieście,Kampinoska 259,34.28,1,2,2737,54.3502045,18.6543087,2,8,2
Warszawa,Śródmieście,Wolska 131,15.0,3,8,1424,54.3502045,18.6543087,2,8,2
Warszawa,Śródmieście,Puławska 11,27.93,1,0,2449,54.3502045,18.6543087,2,8,2
Warszawa,Żoliborz,Puławska 281,57.77,4,4,4519,52.2114281,21.0202469,9,12,5
Warszawa,Śródmieście,Nowowiejska 216,49.88,3,10,3663,54.3502045,18.6543087,2,8,2
Warszawa,Bielany,Kampinoska 71,51.64,2,6,4506,52.2751104,20.9028679,0,2,0
Warszawa,Bielany,Puławska 145,68.38,2,1,6394,52.18099565,21.023446530342525,3,21,4
Warszawa,Bielany,Złota 135,55.35,2,8,5348,52.284438,20.950063,4,14,1
Warszawa,Żoliborz,Nowowiejska 83,36.64,3,0,3577,52.271217,20.983873,2,17,1
Warszawa,Targówek,Grochowska 121,46.5,1,0,2861,52.24185765,21.10330320349052,4,13,6
Warszawa,Mokotów,Kampinoska 253,60.73,1,2,6260,52.192455,21.052719,3,16,0
Warszawa,Mokotów,Puławska 132,50.56,2,10,4378,52.19241735,21.023983617426445,3,9,1
Warszawa,Ursynów,Nowowiejska 238,71.72,2,0,4909,52.136906,21.027305,0,0,1
Warszawa,Śródmieście,Nowowiejska 185,49.5,3,10,4167,54.3502045,18.6543087,2,8,2
Warszawa,Mokotów,Marszałkowska 5,77.8,3,2,6664,52.2147474,21.02066671908454,4,17,1
Warszawa,Ochota,Cybernetyki 138,50.21,1,1,3918,52.1765786,20.9929758,1,9,1
Warszawa,Mokotów,Wolska 205,28.7,2,7,2128,52.2233796,20.9303013,1,13,3
Warszawa,Targówek,Wolska 86,37.81,2,1,3023,52.2323322,20.9597001,2,10,3
Warszawa,Wola,Puławska 214,51.13,3,9,4388,52.2114281,21.0202469,9,12,5
Warszawa,Targówek,Aleje Jerozolimskie 195,48.59,2,5,4655,52.2020931,20.9382856,0,6,3
Warszawa,Wola,Cybernetyki 250,51.29,1,1,4896,52.2404194,20.89343200969941,0,8,1
Warszawa,Mokotów,Nowowiejska 161,31.21,2,0,3022,52.2201252,21.0054052,5,13,2
Warszawa,Bielany,Kampinoska 115,25.81,3,10,2501,52.2751104,20.9028679,0,2,0
Warszawa,Bielany,Puławska 222,80.62,3,10,7382,52.1776276,21.0215053,1,20,3
Warszawa,Żoliborz,Aleje Jerozolimskie 286,45.73,3,9,3419,52.271217,20.983873,2,17,1
Warszawa,Wola,Modlińska 241,52.97,2,7,4664,52.23632,20.957771,2,8,2
Warszawa,Targówek,Grochowska 124,37.73,2,5,3289,52.2425295,21.103072899107133,4,13,5
Warszawa,Praga-Południe,Modlińska 194,42.24,2,6,3571,52.327325599999995,20.96887177539204,2,5,0
Warszawa,Targówek,Kampinoska 230,53.21,2,1,5039,52.2844,21.064424,1,8,0
Warszawa,Mokotów,Cybernetyki 10,58.74,3,1,4358,52.1774931,20.991349984285396,1,10,1
Warszawa,Bemowo,Marszałkowska 47,68.99,1,9,6960,52.2212304,21.0171712,12,22,2
Warszawa,Bemowo,Modlińska 106,15.0,3,10,1802,52.3128996,20.9776548,2,8,0
Warszawa,Ochota,Marszałkowska 115,22.66,2,7,2079,52.2411374,21.0029871,9,15,0
Warszawa,Bielany,Cybernetyki 187,26.6,1,7,2212,52.284438,20.950063,4,14,1
Warszawa,Praga-Południe,Marszałkowska 175,60.83,3,5,6236,52.238972,21.084606,9,12,0
Warszawa,Ursynów,Modlińska 268,38.47,1,5,3048,52.340112250000004,20.95626362442748,0,7,1
Warszawa,Wola,Cybernetyki 72,39.08,2,6,2971,52.2553389,20.90377482478428,0,8,0
Warszawa,Praga-Południe,Puławska 202,20.42,2,3,1990,52.1789119,21.0213376,1,20,5
Warszawa,Ochota,Puławska 213,49.69,3,0,5197,52.1782066,21.021469,1,20,5
Warszawa,Bielany,Puławska 231,52.39,1,7,5158,52.17556005,21.021348733211617,3,15,3
Warszawa,Wola,Cybernetyki 3,73.93,2,8,6861,52.23915785,20.99948768643111,13,17,4
Warszawa,Żoliborz,Kampinoska 248,49.45,1,8,5030,52.271217,20.983873,2,17,1
Warszawa,Bielany,Aleje Jerozolimskie 66,41.13,1,1,3457,52.284438,20.950063,4,14,1
Warszawa,Ochota,Modlińska 197,46.54,4,6,5041,52.321368,20.9707194,0,11,3
Warszawa,Praga-Południe,Nowowiejska 204,22.56,1,5,2188,52.238972,21.084606,9,12,0
Warszawa,Wola,Aleje Jerozolimskie 212,79.42,2,9,7475,52.219119,20.969695,7,15,1
Warszawa,Ursynów,Modlińska 161,36.62,3,8,2959,52.3172371,20.9739351,1,6,1
Warszawa,Bielany,Nowowiejska 177,37.89,4,10,3013,52.284438,20.950063,4,14,1
Warszawa,Wola,Modlińska 278,63.56,2,10,4679,52.23632,20.957771,2,8,2
Warszawa,Ochota,Modlińska 246,93.15,1,9,8282,52.3368446,20.960199961111115,1,9,2
Warszawa,Żoliborz,Modlińska 147,64.84,2,6,6133,52.2920785,21.0010628,0,11,1
Warszawa,Śródmieście,Wolska 75,76.03,4,0,6550,54.3502045,18.6543087,2,8,2
Warszawa,Wola,Nowowiejska 129,50.64,1,2,5010,52.2201252,21.0054052,5,13,2
Warszawa,Ursynów,Złota 278,59.2,1,0,4733,52.136906,21.027305,0,0,1
Warszawa,Bielany,Modlińska 115,90.27,2,10,7576,52.313166100000004,20.976544899999997,2,9,0
Warszawa,Ursynów,Marszałkowska 196,42.69,2,6,3809,52.136906,21.027305,0,0,1
Warszawa,Ochota,Modlińska 28,23.06,1,0,1831,52.3016288,20.9910535,0,5,3
Warszawa,Targówek,Złota 189,74.01,1,9,6497,52.2844,21.064424,1,8,0
